task_number,symbol,title,item_type,group_id,group_name,stage,lesson_path,status,last_reviewed
1,Bit,Bits to character encoding,concept,1,Source data loading,source,1_source_data_loading/01-bits-to-character-encoding.html,available,2026-08-29
2,Typ,Manual examples and pattern matching,practice,1,Source data loading,source,1_source_data_loading/02-manual-typewriting.html,available,2026-08-29
3,Str,Loading a structured data file,practice,1,Source data loading,source,1_source_data_loading/03-loading-structured-datafile.html,available,2026-08-29
4,Cor,Generating a corpus,practice,1,Source data loading,source,1_source_data_loading/04-generating-a-corpus.html,available,2026-08-29
5,Api,Loading from an API,practice,1,Source data loading,source,1_source_data_loading/05-loading-from-api.html,available,2026-08-29
6,Scr,Collecting text from a web page,practice,1,Source data loading,source,1_source_data_loading/06-text-and-file-scraping.html,available,2026-08-29
7,Ext,Extracting text from an image,task,1,Source data loading,source,1_source_data_loading/07-text-extraction-and-ocr.html,available,2026-08-29
8,Man,Turning decisions into labels,practice,2,Training data generation,source,2_training_data_generation/08-manual-annotation.html,available,2026-08-29
9,Act,Choosing what to label next,practice,2,Training data generation,source,2_training_data_generation/09-annotation-with-active-learning.html,available,2026-08-29
10,Pro,Inspecting provider schemas and provenance,service,2,Training data generation,source,2_training_data_generation/10-training-data-providers.html,available,2026-08-29
11,Cro,Working with several annotators,service,2,Training data generation,source,2_training_data_generation/11-crowdsourcing-annotation.html,available,2026-08-29
12,Aug,Creating additional training examples,practice,2,Training data generation,source,2_training_data_generation/12-textual-data-augmentation.html,available,2026-08-29
13,Rul,Labeling text with written rules,practice,2,Training data generation,source,2_training_data_generation/13-rule-based-training-data.html,available,2026-08-29
14,Tok,Tokenization,method,3,Word parsing,language,3_word_parsing/14-tokenization.html,available,2026-08-29
15,Voc,Vocabulary building,practice,3,Word parsing,language,3_word_parsing/15-vocabulary-building.html,available,2026-08-29
16,Mor,Morphological tagging,method,3,Word parsing,language,3_word_parsing/16-morphological-tagging.html,available,2026-08-29
17,Pos,Part-of-speech tagging,method,3,Word parsing,language,3_word_parsing/17-part-of-speech-tagging.html,available,2026-08-29
18,Dep,Dependency parsing,method,3,Word parsing,language,3_word_parsing/18-dependency-parsing.html,available,2026-08-29
19,Ste,Stemming,method,4,Word processing,language,4_word_processing/19-stemming.html,available,2026-08-29
20,Lem,Lemmatization,method,4,Word processing,language,4_word_processing/20-lemmatization.html,available,2026-08-29
21,Nrm,Normalization,practice,4,Word processing,language,4_word_processing/21-normalization.html,available,2026-08-29
22,Spl,Spell checking,task,4,Word processing,language,4_word_processing/22-spell-checking.html,available,2026-08-29
23,Neg,Negation recognition,task,4,Word processing,language,4_word_processing/23-negation-recognition.html,available,2026-08-29
24,Ngr,N-grams,method,5,Phrases and entities,language,5_phrases_and_entities/24-n-grams.html,available,2026-08-29
25,Phr,Rule-based phrase matching,method,5,Phrases and entities,language,5_phrases_and_entities/25-rule-based-phrase-matching.html,available,2026-08-29
26,Chu,Dependency noun chunks,method,5,Phrases and entities,language,5_phrases_and_entities/26-dependency-noun-chunks.html,available,2026-08-29
27,Ner,Named entity recognition,task,5,Phrases and entities,language,5_phrases_and_entities/27-named-entity-recognition.html,available,2026-08-29
28,Abr,Abbreviation finding,task,5,Phrases and entities,language,5_phrases_and_entities/28-abbreviation-finding.html,available,2026-08-29
29,Pri,Price parsing,task,6,Entity enrichment,language,6_entity_enrichment/29-price-parsing.html,available,2026-08-29
30,Geo,Geocoding,task,6,Entity enrichment,language,6_entity_enrichment/30-geocoding.html,available,2026-08-29
31,Tmp,Temporal parsing,task,6,Entity enrichment,language,6_entity_enrichment/31-temporal-parsing.html,available,2026-08-29
32,Nel,Named entity linking,task,6,Entity enrichment,language,6_entity_enrichment/32-named-entity-linking.html,available,2026-08-29
33,Crf,Coreference resolution,task,6,Entity enrichment,language,6_entity_enrichment/33-coreference-resolution.html,available,2026-08-29
34,Anm,Text de-identification,task,6,Entity enrichment,language,6_entity_enrichment/34-text-de-identification.html,available,2026-08-29
35,Sen,Sentence segmentation,practice,7,Sentences and paragraphs,language,7_sentences_and_paragraphs/35-sentence-segmentation.html,available,2026-08-29
36,Par,Paragraph segmentation,practice,7,Sentences and paragraphs,language,7_sentences_and_paragraphs/36-paragraph-segmentation.html,available,2026-08-29
37,Grm,Grammar checking,task,7,Sentences and paragraphs,language,7_sentences_and_paragraphs/37-grammar-checking.html,available,2026-08-29
38,Rea,Readability scoring,method,7,Sentences and paragraphs,language,7_sentences_and_paragraphs/38-readability-scoring.html,available,2026-08-29
39,Ded,Deduplication,practice,8,Documents,language,8_documents/39-deduplication.html,available,2026-08-29
40,Raw,Raw text cleaning,practice,8,Documents,language,8_documents/40-raw-text-cleaning.html,available,2026-08-29
41,Met,Metadata extraction,task,8,Documents,language,8_documents/41-metadata-extraction.html,available,2026-08-29
42,Lng,Language identification,task,8,Documents,language,8_documents/42-language-identification.html,available,2026-08-29
43,Trn,Training models,lifecycle,9,Model development,model,,planned,
44,Tst,Evaluating models,lifecycle,9,Model development,model,,planned,
45,Exp,Explaining models,lifecycle,9,Model development,model,,planned,
46,Dpl,Deploying models,lifecycle,9,Model development,model,,planned,
47,Mon,Monitoring models,lifecycle,9,Model development,model,,planned,
48,Spa,Spam detection,task,10,Classification,model,,planned,
49,Sed,Sentiment and emotion analysis,task,10,Classification,model,,planned,
50,Int,Intent classification,task,10,Classification,model,,planned,
51,Cls,Text classification,task,10,Classification,model,,planned,
52,Mlc,Multi-label and multi-class classification,task,10,Classification,model,,planned,
53,Key,Keyword extraction,task,11,Signals and discovery,model,,planned,
54,Esu,Extractive summarization,task,11,Signals and discovery,model,,planned,
55,Top,Topic modeling,method,11,Signals and discovery,model,,planned,
56,Tre,Trend detection,task,11,Signals and discovery,model,,planned,
57,Out,Outlier detection,task,11,Signals and discovery,model,,planned,
58,Syn,WordNet synsets,resource,12,Similarity,model,,planned,
59,Dst,Distance measures,method,12,Similarity,model,,planned,
60,Sim,Document similarity,task,12,Similarity,model,,planned,
61,Dis,Distributed word representations,concept,12,Similarity,model,,planned,
62,Con,Contextualized word representations,concept,12,Similarity,model,,planned,
63,Nex,Next-token prediction,objective,13,Natural language generation,generation,,planned,
64,Rep,Report writing,application,13,Natural language generation,generation,,planned,
65,Tra,Machine translation,task,13,Natural language generation,generation,,planned,
66,Asu,Abstractive summarization,task,13,Natural language generation,generation,,planned,
67,Prp,Paraphrasing,task,13,Natural language generation,generation,,planned,
68,Lon,Long-text generation,task,13,Natural language generation,generation,,planned,
69,Rel,Relation extraction,task,14,Systems,systems,,planned,
70,Qan,Question answering,task,14,Systems,systems,,planned,
71,Cha,Chatbot dialogue,application,14,Systems,systems,,planned,
72,Sem,Semantic search indexing,application,14,Systems,systems,,planned,
73,Kno,Knowledge base population,task,14,Systems,systems,,planned,
74,Edi,E-discovery and media monitoring,application,14,Systems,systems,,planned,
75,App,Interactive app creation,application,15,Information visualization,visualization,,planned,
76,Ann,Annotated text visualization,application,15,Information visualization,visualization,,planned,
77,Wcl,Word clouds,application,15,Information visualization,visualization,,planned,
78,Emb,Word embedding visualization,application,15,Information visualization,visualization,,planned,
79,Tim,Events on a timeline,application,15,Information visualization,visualization,,planned,
80,Map,Locations on a map,application,15,Information visualization,visualization,,planned,
81,Gra,Knowledge graph visualization,application,15,Information visualization,visualization,,planned,
