synset_id,part_of_speech,definition,example
oewn-00017402-n,noun,(botany) a living organism lacking the power of locomotion,
oewn-00048486-n,noun,the sum of recognized accomplishments,the lawyer has a good record
oewn-00063834-n,noun,an extreme attainment; the best (or worst) performance ever attested (as in a sport),he tied the Olympic record
oewn-00076153-v,verb,eject the contents of the stomach through the mouth,"After drinking too much, the students vomited"
oewn-00080057-v,verb,give medical treatment to,
oewn-00095025-v,verb,develop suddenly,The tire sprang a leak
oewn-00099798-v,verb,exercise in order to prepare for an event or competition,She is training for the Olympics
oewn-00100305-v,verb,give a workout to,Some parents exercise their infants
oewn-00121022-n,noun,"a light, self-propelled movement upwards or forwards",
oewn-00149916-v,verb,arrive at a certain condition through repeated motion,The stitches of the hem worked loose after she wore the skirt many times
oewn-00170126-n,noun,a flight maneuver; aircraft tips laterally about its longitudinal axis (especially in turning),the plane went into a steep bank
oewn-00190414-n,noun,a score in baseball made by a runner touching all four bases safely,the Yankees scored 3 runs in the bottom of the 9th
oewn-00261534-v,verb,restore by replacing a part or putting together what is torn or broken,She repaired her TV set
oewn-00270855-a,adjective,characterized by or emitting light,a room that is light when the shutters are open
oewn-00292635-v,verb,introduce light into,This lamp lightens the room a bit
oewn-00294760-n,noun,the act of running; traveling on foot at a fast pace,he broke into a run
oewn-00309697-n,noun,a regular trip,the ship made its run in record time
oewn-00309837-n,noun,a short trip,take a run into town
oewn-00333482-v,verb,become undone,the sweater unraveled
oewn-00335613-v,verb,come unraveled or undone as if by snagging,Her nylons were running
oewn-00362917-s,adjective satellite,casual and unrestrained in sexual behavior,her easy virtue
oewn-00383235-s,adjective satellite,of something having a dusty purplish pink color,the roseate glow of dawn
oewn-00392845-r,adverb,with few burdens,experienced travellers travel light
oewn-00409737-a,adjective,(used of color) having a relatively small amount of coloring agent,light blue
oewn-00417926-v,verb,"make equal, uniform, corresponding, or matching",let's equalize the duties among all employees in this office
oewn-00433296-n,noun,children take the roles of physician or patient or nurse and pretend they are at the physician's office,the children explored each other's bodies by playing the game of doctor
oewn-00445584-v,verb,"reduce or cause to be reduced from a solid to a liquid state, usually by heating",melt butter
oewn-00457551-v,verb,be equal or harmonize,The two pieces match
oewn-00457695-v,verb,make correspond or harmonize,Match my sweater
oewn-00459426-v,verb,go sour or spoil,The milk has soured
oewn-00459709-v,verb,cause to undergo fermentation,We ferment the grapes for a very long time to achieve high alcohol content
oewn-00471317-v,verb,make commercial,Some Amish people have commercialized their way of life
oewn-00489366-v,verb,"alter and make impure, as with the intention to deceive",Sophisticate rose water with geraniol
oewn-00505439-s,adjective satellite,(used of soil) loose and large-grained in consistency,light soil
oewn-00518609-v,verb,cause to perform,run a subject
oewn-00540190-v,verb,progress by being changed,The speech has to go through several more drafts
oewn-00550143-v,verb,change from one state to another,run amok
oewn-00559920-n,noun,(American football) a play in which a player attempts to carry the ball through or past the opposing team,the defensive line braced to stop the run
oewn-00576778-n,noun,activity directed toward making or doing something,she checked several points needing further work
oewn-00577754-n,noun,a damaging piece of work,dry rot did the job of destroying the barn
oewn-00577914-n,noun,the performance of a piece of work,she did an outstanding job as Ophelia
oewn-00583425-n,noun,the principal activity in your life that you do to earn money,he's not in my line of business
oewn-00585404-n,noun,the occupation for which you are paid,he is looking for employment
oewn-00585806-n,noun,the responsibility to do something,it is their job to print the truth
oewn-00587299-n,noun,a job in an organization,he occupied a post in the treasury
oewn-00589392-v,verb,start or maintain a fire in,fire the furnace
oewn-00599171-n,noun,the position of professor,he was awarded an endowed chair in economics
oewn-00604200-v,verb,"undergo training or instruction in preparation for a particular role, function, or profession",She is training to be a teacher
oewn-00604693-v,verb,create by training and teaching,The old master is training world-class violinists
oewn-00636568-v,verb,find the solution to (a problem or question) or understand the meaning of,did you solve the problem?
oewn-00697019-s,adjective satellite,(of sleep) easily disturbed,in a light doze
oewn-00711834-v,verb,plan and direct (a complex undertaking),he masterminded the robbery
oewn-00713379-v,verb,design as an engineer,He engineered the water supply project
oewn-00714537-v,verb,have faith or confidence in,you can count on me to help you any time
oewn-00715651-s,adjective satellite,demanding little effort; not burdensome,light housework
oewn-00720957-n,noun,a specific piece of work required to be done as a duty or for a specific fee,estimates of the city's loss on that job ranged as high as a million dollars
oewn-00721817-n,noun,the actions and activities assigned to or required or expected of a person or group,the function of a teacher
oewn-00736813-v,verb,put firmly in the mind,Plant a thought in the students' minds
oewn-00784446-n,noun,a crime (especially a robbery),the gang pulled off a bank job in St. Louis
oewn-00792739-n,noun,the act of testing something,in the experimental trials the amount of carbon was measured separately
oewn-00815452-v,verb,preside over,John moderated the discussion
oewn-00835381-v,verb,"teach and supervise (someone); act as a trainer or coach (to), as in sports",He is training our Olympic team
oewn-00900502-n,noun,the act of representing something (usually on a smaller scale),
oewn-00903174-n,noun,a method of examining body organs by scanning them with X rays and using a computer to construct a series of cross-sectional scans along a single axis,
oewn-00908688-v,verb,pronounce a sentence on (somebody) in a court of law,He was condemned to ten years in prison
oewn-00924838-v,verb,indicate a certain reading; of gauges and instruments,The thermometer showed thirteen degrees below zero
oewn-00937859-v,verb,produce or disclose suddenly or unexpectedly,He sprang the news on me just as I was leaving
oewn-00967067-v,verb,to give an account or representation of in words,Discreet Italian police described it in a manner typically continental
oewn-00967422-v,verb,make known to the authorities,One student reported the other to the principal
oewn-00967574-v,verb,complain about; make a charge against,I reported her to the supervisor
oewn-00967719-v,verb,announce one's presence,I report to work every day at 9 o'clock
oewn-00968841-v,verb,announce as the result of an investigation or experience or finding,Dozens of incidents of wife beatings are reported daily in this city
oewn-00969130-v,verb,"be responsible for reporting the details of, as in journalism",Snow reported on China in the 1950's
oewn-00982485-v,verb,put into words or an expression,He formulated his concerns to the board of trustees
oewn-00996467-s,adjective satellite,having relatively few calories,light (or lite) beer
oewn-01000444-v,verb,register electronically,They recorded her singing
oewn-01002259-v,verb,make a record of; set down in permanent form,
oewn-01035490-n,noun,a religious rite or service prescribed by ecclesiastical authorities,the offices of the mass
oewn-01083545-v,verb,set into opposition or rivalry,let them match their best athletes against ours
oewn-01088514-v,verb,compete in a race,he is running the Marathon this year
oewn-01096497-v,verb,"run, stand, or compete for an office or a position",Who's running for treasurer this year?
oewn-01099197-n,noun,the world of commercial activity where goods and services are bought and sold,without competition there would be no market
oewn-01142291-v,verb,watch and study birds in their natural habitat,
oewn-01146304-v,verb,pursue for food or sport (as of wild animals),Goering often hunted wild boars in Poland
oewn-01153576-v,verb,"point or cause to go (blows, weapons, or objects such as photographic equipment) towards",Please don't aim at your little brother!
oewn-01165070-v,verb,use or manipulate to one's advantage,He exploited the new taxation system
oewn-01177806-n,noun,the act of pounding (delivering repeated heavy blows),the sudden hammer of fists caught him off guard
oewn-01185958-s,adjective satellite,easily assimilated in the alimentary canal; not rich or heavily seasoned,a light diet
oewn-01189951-a,adjective,of comparatively little physical weight or density,a light load
oewn-01191729-s,adjective satellite,designed for ease of movement or to carry little weight,light aircraft
oewn-01191772-n,noun,(criminal law) a final judgment of guilty in a criminal case and the punishment that is imposed,the conviction came as no surprise
oewn-01193859-a,adjective,psychologically light; especially free from sadness or troubles,a light heart
oewn-01194536-a,adjective,not great in degree or quantity or number,a light sentence
oewn-01194991-a,adjective,"(physics, chemistry) not having atomic weight greater than average",light water is ordinary water
oewn-01195419-a,adjective,of little intensity or power or force,the light touch of her fingers
oewn-01195936-s,adjective satellite,moving easily and quickly; nimble,the dancer was light and graceful
oewn-01196589-a,adjective,of the military or industry; using (or being) relatively small or light arms or equipment,light infantry
oewn-01202519-v,verb,begin to smoke,"After the meal, some of the diners lit up"
oewn-01214794-v,verb,"pass over, across, or through",He ran his eyes over her body
oewn-01237357-v,verb,cover with ashes so to control the rate of burning,bank a fire
oewn-01237919-v,verb,to mix into a homogeneous mass,knead dough
oewn-01295488-v,verb,"bring two objects, ideas, or people together",This fact is coupled to the other one
oewn-01295992-v,verb,give or join in marriage,
oewn-01373866-v,verb,place something or someone in a certain position in order to secretly observe or deceive,Plant a spy in Moscow
oewn-01414524-v,verb,beat with a cat-o'-nine-tails,
oewn-01419193-v,verb,beat with or as if with a hammer,hammer the metal flat
oewn-01456580-v,verb,drag loosely along a surface; allow to sweep the ground,The toddler was trailing his pants
oewn-01500681-s,adjective satellite,rich in significance or implication,a meaning look
oewn-01505702-n,noun,warm-blooded egg-laying vertebrates characterized by feathers and forelimbs modified as wings,
oewn-01528454-v,verb,perform as expected when applied,The washing machine won't go unless it's plugged in
oewn-01529078-v,verb,"be operating, running or functioning",The car is still running — turn it off!
oewn-01531609-v,verb,fix or set securely or deeply,He planted a knee in the back of his opponent
oewn-01544013-v,verb,move into or onto,work the raisins into the dough
oewn-01570056-v,verb,"put or set (seeds, seedlings, or plants) into the ground",Let's plant flowers in the garden
oewn-01590626-v,verb,enclose with a bank,bank roads
oewn-01627004-v,verb,make by machinery,The Americans were machining while others still hand-made cars
oewn-01627206-v,verb,"turn, shape, mold, or otherwise finish by machinery",
oewn-01632781-v,verb,cause to happen or to occur as a consequence,I cannot work a miracle
oewn-01645087-v,verb,conduct to completion,run an errand
oewn-01650771-v,verb,set up or lay the groundwork for,establish a new department
oewn-01663142-v,verb,"make something, usually for a specific function",She molded the rice balls carefully
oewn-01672498-v,verb,"shape, form, or improve a material",work stone into tools
oewn-01679140-v,verb,create by hammering,hammer the silver into a bowl
oewn-01696338-v,verb,mark letters on or mark with letters,
oewn-01696474-v,verb,set down or print with letters,
oewn-01700922-v,verb,"form in clay, wax, etc",model a head with clay
oewn-01701301-v,verb,construct a model in the likeness of,model an airplane
oewn-01721028-v,verb,cause to emit recorded audio or video,They ran the tapes over and over again
oewn-01726857-v,verb,create a representation or simulation of,The pilots are trained in conditions simulating high-altitude flights
oewn-01745327-v,verb,prepare for crops,Work the soil
oewn-01747665-v,verb,plan or create according to a model or models,
oewn-01749344-v,verb,arrange or enter in tabular form,
oewn-01750167-v,verb,include as the content; broadcast or publicize,We ran the ad three times
oewn-01821541-v,verb,"gratify and charm, usually in order to influence",the political candidate worked the crowds
oewn-01856435-v,verb,move in an agitated manner,His fingers worked with tension
oewn-01868024-v,verb,travel a route regularly,Ships ply the waters near the coast
oewn-01896097-v,verb,spring back; spring away from an impact,The rubber ball bounced
oewn-01912661-s,adjective satellite,(of sound or color) free from anything that dulls or dims,efforts to obtain a clean bass in orchestral recordings
oewn-01918940-v,verb,cover by running; run a certain distance,She ran 10 miles that day
oewn-01930264-v,verb,"move fast by using one's feet, with one foot off the ground at any given time",Don't run — you'll be out of breath
oewn-01930937-v,verb,"travel rapidly, by any (unspecified) means",Run to the store!
oewn-01931400-v,verb,run with the ball; in such sports as football,
oewn-01931700-v,verb,keep company,the heifers run with the bulls to produce offspring
oewn-01931856-v,verb,sail before the wind,
oewn-01940396-v,verb,travel by rail or train,They railed from Rome to Venice
oewn-01962311-v,verb,alight from (a horse),
oewn-01965341-v,verb,swim in or form a large group of fish,A cluster of schooling fish was attracted to the bait
oewn-01967949-v,verb,move forward by leaps and bounds,The horse bounded across the meadow
oewn-01982714-v,verb,"to come to rest, settle",Misfortune lighted upon him
oewn-02005890-v,verb,go after with the intent to catch,The policeman chased the mugger down the alley
oewn-02043258-v,verb,tip laterally,the pilot had to bank the aircraft
oewn-02054955-v,verb,proceed along a path,work one's way through the crowd
oewn-02064720-v,verb,be diffused,These dyes and colors are guaranteed not to run
oewn-02070867-v,verb,"move along, of liquids",Water flowed into the cave
oewn-02079296-v,verb,flee; take to one's heels; cut and run,"If you see this man, run!"
oewn-02086723-n,noun,a member of the genus Canis (probably descended from the common wolf) that has been domesticated by man since prehistoric times; occurs in many breeds,the dog barked all night
oewn-02096576-v,verb,cause an animal to move fast,run the dogs
oewn-02104107-v,verb,"move about freely and without restraint, or act as if running around in an uncontrolled way",who are these people running around in the building?
oewn-02110264-v,verb,be aware of,Did you register any change when I pressed the button?
oewn-02121463-v,verb,provoke or excite,The rock musician worked the crowd of young girls into a frenzy
oewn-02124272-n,noun,feline mammal usually having thick soft fur and no ability to roar: domestic cats; wildcats,
oewn-02128704-s,adjective satellite,silly or trivial,idle pleasure
oewn-02128852-s,adjective satellite,intended primarily as entertainment; not serious or profound,light verse
oewn-02130460-n,noun,any of several large cats typically able to roar and living in the wild,
oewn-02147099-v,verb,display (clothes) as a mannequin,model the latest fashion
oewn-02147248-v,verb,assume a posture as for artistic purposes,We don't know the woman who posed for Leonardo so often
oewn-02172875-s,adjective satellite,having little importance,losing his job was no light matter
oewn-02210101-n,noun,sterile member of a colony of social insects that forages for food and cares for the larvae,
oewn-02234610-v,verb,fall to somebody by assignment or lot; passed,The task fell to me
oewn-02247038-v,verb,"deal in illegally, such as arms or liquor",
oewn-02276935-v,verb,invest at a risk,"I bought this house not because I want to live in it but to sell it later at a good price, so I am speculating"
oewn-02295310-v,verb,win an athletic letter,
oewn-02303121-v,verb,"engage in the commercial promotion, sale, or distribution of",The company is marketing its new line of beauty products
oewn-02303432-v,verb,deal in a market,
oewn-02315835-v,verb,put into a bank account,She deposits her paycheck every month
oewn-02327806-v,verb,place into a river,plant fish
oewn-02328120-s,adjective satellite,(used of vowels or syllables) pronounced with little or no stress,a syllable that ends in a short vowel is a light syllable
oewn-02331194-v,verb,buy household supplies,We go marketing every Saturday
oewn-02337623-v,verb,provide funds complementary to,The company matched the employees' contributions
oewn-02345399-s,adjective satellite,less than the correct or legal or full amount often deliberately so,a light pound
oewn-02348052-v,verb,be in the banking business,
oewn-02348248-v,verb,act as the banker in a game or in gambling,
oewn-02348370-v,verb,do business with a bank or keep an account at a bank,Where do you bank in this town?
oewn-02378106-v,verb,proceed towards a goal or along a path or through an activity,work your way through every problem or task
oewn-02381180-v,verb,"carry on (wars, battles, or campaigns)",Napoleon and Hitler waged war against all of Europe
oewn-02392176-v,verb,educate for a future role or function,He is grooming his son to become his successor
oewn-02393052-v,verb,educate in or as if in a school,The children are schooled at great cost to their parents in private institutions
oewn-02393545-v,verb,teach or refine to be discriminative in taste or judgment,Cultivate your musical taste
oewn-02410587-s,adjective satellite,marked by temperance in indulgence,abstemious with the use of adverbs
oewn-02413117-v,verb,cause to work,he is working his servants hard
oewn-02415985-v,verb,be employed,Is your husband working again?
oewn-02418610-v,verb,exert oneself by doing mental or physical work for a purpose or out of necessity; work,I will work hard to improve my grades
oewn-02422984-s,adjective satellite,very thin and insubstantial,light summer dresses
oewn-02425889-v,verb,work occasionally,As a student I jobbed during the semester breaks
oewn-02427021-v,verb,set animals loose to graze,
oewn-02441810-v,verb,cause to operate or function,This pilot works the controls
oewn-02444885-v,verb,"act or preside as chair, as of an academic department in a university",She chaired the department for many years
oewn-02448714-v,verb,"direct or control; projects, businesses, etc.",She is running a relief operation in the Sudan
oewn-02449024-v,verb,operate in or through,Work the phones
oewn-02466486-v,verb,arranged for contracted work to be done by others,
oewn-02515254-v,verb,cause to grow in a certain way by tying and pruning it,train the vine
oewn-02530978-v,verb,make without a miss,
oewn-02531113-v,verb,have an effect or outcome; often the one desired or expected,The voting process doesn't work as well as people thought
oewn-02542223-v,verb,have and exert influence or effect,The artist's work influenced the young painter
oewn-02555295-s,adjective satellite,weak and likely to lose consciousness,suddenly felt faint from the pain
oewn-02559394-v,verb,develop (a child's or animal's) behavior by instruction and practice; especially to teach self-control,Parents must discipline their children
oewn-02569242-v,verb,"carry out a process or program, as on a computer or a machine",Run the dishwasher
oewn-02578970-v,verb,profit privately from public office and official business,
oewn-02596887-s,adjective satellite,worthy of imitation,exemplary behavior
oewn-02600976-v,verb,"operate in a certain place, area, or specialty",She works the night clubs
oewn-02618269-v,verb,occur persistently,Musical talent runs in the family
oewn-02629987-v,verb,develop into a distinctive entity,our plans began to take shape
oewn-02648898-v,verb,hold back to a later time,let's postpone the exam
oewn-02653599-v,verb,continue to exist,These stories die hard
oewn-02654212-v,verb,extend or continue for a certain period of time,The film runs 5 hours
oewn-02663315-v,verb,"be compatible, similar or consistent; coincide in their characteristics",The two stories don't agree in many details
oewn-02677976-v,verb,be equal to in quality or ability,Nothing can rival cotton for durability
oewn-02691775-v,verb,"stretch out over a distance, space, time, or scope; run or extend between two points or beyond a certain point",Service runs all the way to Cranbury
oewn-02692467-v,verb,cause something to pass or lead somewhere,Run the wire behind the cabinet
oewn-02712903-n,noun,metal supports for logs in a fireplace,the andirons were too hot to touch
oewn-02725274-v,verb,have a tendency or disposition to do or be something; be inclined,She tends to be nervous before her lectures
oewn-02726779-v,verb,be affected by; be subjected to,run a temperature
oewn-02727159-v,verb,have a particular form,the story or argument runs as follows
oewn-02732914-v,verb,change or be different within limits,Estimates for the losses in the earthquake range as high as $2 billion
oewn-02757146-v,verb,behave in a certain way when handled,This dough does not work easily
oewn-02765572-v,verb,cause to start burning; subject to fire or great heat,Great heat can ignite almost any dry matter
oewn-02790795-n,noun,a building in which the business of banking is transacted,the bank is on the corner of Nassau and Witherspoon
oewn-02961779-n,noun,a motor vehicle with four wheels; usually propelled by an internal combustion engine,he needs a car to get to work
oewn-02986962-n,noun,a large tracked vehicle that is propelled by two endless metal belts; frequently used for moving earth in construction and farm work,
oewn-02989061-n,noun,a whip with nine knotted cords,British sailors feared the cat
oewn-03005231-n,noun,"a seat for one person, with a support for the back",he put his coat over the back of the chair and sat down
oewn-03005700-n,noun,a particular seat in an orchestra,he is second chair violin
oewn-03086983-n,noun,a machine for performing calculations automatically,
oewn-03275941-n,noun,an instrument of execution by electrocution; resembles an ordinary seat for one person,the murderer was sentenced to die in the chair
oewn-03436655-n,noun,wheelwork consisting of a connected set of rotating gears by which force is transmitted or motion or torque is changed,the fool got his tie caught in the geartrain
oewn-03466317-n,noun,a marketplace where groceries are sold,the grocery store included a meat market
oewn-03486255-n,noun,a hand tool with a heavy rigid head and a handle; used to deliver an impulsive force by striking,
oewn-03486604-n,noun,a power tool for drilling rocks,
oewn-03486757-n,noun,a striker that is covered in felt and that causes the piano strings to vibrate,
oewn-03486907-n,noun,the part of a gunlock that strikes the percussion cap when the trigger is pulled,
oewn-03487084-n,noun,a heavy metal sphere attached to a flexible wire; used in the hammer throw,
oewn-03604821-n,noun,a workplace; as in the expression ‘on the job’,
oewn-03604953-n,noun,an object worked on; a result produced by working,he held the job in his left hand and worked on it with his right
oewn-03614083-n,noun,the leaves of the shrub Catha edulis which are chewed like tobacco or used to make tea; has the effect of a euphoric stimulant,"in Yemen, kat is used daily by 85% of adults"
oewn-03670692-n,noun,any device serving as a source of illumination,he stopped the car and turned off the lights
oewn-03671917-n,noun,a device for lighting or igniting fuel or charges or fires,do you have a light?
oewn-03705309-n,noun,any mechanical or electrical device that transmits or modifies energy to perform or assist in the performance of human tasks,
oewn-03706297-n,noun,a device for overcoming resistance at one point by applying force at some other point,
oewn-03721208-n,noun,"a light drumstick with a rounded head that is used to strike such percussion instruments as chimes, kettledrums, marimbas, glockenspiels, etc.",
oewn-03727779-n,noun,an area in a town where a public mercantile establishment is set up,
oewn-03733928-n,noun,lighter consisting of a thin piece of wood or cardboard tipped with combustible chemical; ignites with friction,he always carries matches to light his pipe
oewn-03734302-n,noun,an exact duplicate,when a match is found an entry is made in the notebook
oewn-03734473-n,noun,a burning piece of wood or cardboard,if you drop a match in there the whole place will explode
oewn-03782816-n,noun,representation of something (sometimes on a smaller scale),
oewn-03846937-n,noun,the total output of a writer or artist (or a substantial part of it),he studied the entire Wagnerian oeuvre
oewn-03847186-n,noun,place of business where professional or clerical duties are performed,he rented an office in the new building
oewn-03907626-n,noun,a hinged catch that fits into a notch of a ratchet to move a wheel forward or prevent it from moving backward,
oewn-03930191-n,noun,sound recording consisting of a disk with a continuous groove; used to reproduce music by rotating while a phonograph needle tracks in the groove,
oewn-03963198-n,noun,buildings for carrying on industrial labor,they built a large plant to manufacture automobiles
oewn-04146942-n,noun,a container (usually with a slot in the top) for keeping money at home,the coin bank was empty
oewn-04153115-n,noun,a building where young people receive education,the school was built in 1932
oewn-04219349-n,noun,badminton equipment consisting of a ball of cork or rubber with a crown of feathers,
oewn-04295410-n,noun,a metal elastic device that returns to its shape or position when pushed or pulled or pressed,the spring was broken
oewn-04386330-n,noun,a piece of furniture having a smooth flat top that is usually supported by one or more vertical legs,it was a sturdy table
oewn-04387051-n,noun,a piece of furniture with tableware for a meal laid out on it,I reserved a table at my favorite restaurant
oewn-04475240-n,noun,public transport provided by a line of railway cars coupled together and drawn by a locomotive,express trains don't stop at Princeton Junction
oewn-04475711-n,noun,piece of cloth forming the long back section of a gown that is drawn along the floor,the bride's train was carried by her two young nephews
oewn-04606723-n,noun,a product produced or accomplished through the effort or activity or agency of a person or thing,it is not regarded as one of his more memorable works
oewn-04609402-n,noun,a place where work is done,he arrived at work early today
oewn-04958550-n,noun,the visual effect of illumination on objects or scenes as created in pictures,he could paint the lightest light and the darkest dark
oewn-04960557-n,noun,merriment expressed by a brightness or gleam or animation of countenance,he had a sparkle in his eye
oewn-04978580-n,noun,a dusty pink color,
oewn-05025269-n,noun,the quality of being luminous; emitting or reflecting light,its luminosity is measured relative to that of our sun
oewn-05028317-n,noun,the elasticity of something that can be stretched and returns to its original length,
oewn-05052992-n,noun,an unbroken chronological sequence,the play had a long run on Broadway
oewn-05333491-n,noun,the ossicle attached to the eardrum,
oewn-05620489-n,noun,public awareness,it brought the scandal to light
oewn-05644732-n,noun,ability to produce solutions in some problem domain,the skill of a well-trained boxer
oewn-05645403-n,noun,an ability that has been acquired by training,
oewn-05658665-n,noun,the mental faculty or power of vocal communication,language sets homo sapiens apart from all other animals
oewn-05703985-n,noun,something that resembles or harmonizes with,that tie makes a good match with your jacket
oewn-05763880-n,noun,applying the mind to learning and understanding a subject (especially by reading),mastering a second language requires a lot of work
oewn-05765533-n,noun,the process of being formally educated at a school,what will you do when you finish school?
oewn-05815941-n,noun,mental understanding as an enlightening experience,he finally saw the light
oewn-05816565-n,noun,the cognitive processes involved in producing and understanding linguistic communication,he didn't have the language to express his feelings
oewn-05854179-n,noun,a type of product,his car was an old model
oewn-05863377-n,noun,a personified abstraction that teaches,books were his teachers
oewn-05898856-n,noun,a hypothetical description of a complex entity or process,the computer program was based on a model of the circulatory and respiratory systems
oewn-05914674-n,noun,something planted secretly for discovery by another,the police used a plant to trick the thieves
oewn-05928460-n,noun,the idea that is intended,What is the meaning of this proverb?
oewn-05933998-n,noun,something to be imitated,an exemplar of success
oewn-05945830-n,noun,a representative form or pattern,I profited from his example
oewn-06216934-n,noun,the general estimation that the public has for a person,he acquired a reputation as an actor before he started writing
oewn-06220526-n,noun,a particular perspective or aspect of a situation,"although he saw it in a different light, he still did not understand"
oewn-06293304-n,noun,a systematic means of communicating by the use of sounds or conventional symbols,he taught foreign languages
oewn-06295743-n,noun,a string of words satisfying the grammatical rules of a language,he always spoke in grammatical sentences
oewn-06297048-n,noun,a unit of language that native speakers can identify,words are the blocks from which sentences are made
oewn-06315049-n,noun,a system of words used to name things in a particular discipline,legal terminology
oewn-06421395-n,noun,an essay (especially one written as an assignment),he got an A on his composition
oewn-06443410-n,noun,the sacred writings of the Christian religions,he went to carry the Word to the heathen
oewn-06448609-n,noun,a book in the Old Testament containing Job's pleas to God about his afflictions and God's reply,
oewn-06502164-n,noun,a list of crimes for which an accused person has been previously convicted,he ruled that the criminal record of the defendant could not be disclosed to the court
oewn-06584658-n,noun,(computer science) a program application that may consist of several steps but is a single logical unit,
oewn-06613680-n,noun,the message that is intended or expressed or signified,what is the meaning of this sentence?
oewn-06636668-n,noun,a written message addressed to a person or organization,mailed an indignant letter to the editor
oewn-06649049-n,noun,a compilation of the known facts regarding something or someone,"Al Smith used to say, ‘Let's look at the record’"
oewn-06654787-n,noun,information about recent and important events,they awaited news of the outcome
oewn-06659969-n,noun,anything (such as a document or a phonograph record or a photograph) providing permanent evidence of or information about past events,the film provided a valuable record of stage techniques
oewn-06686933-n,noun,a secret word or phrase known only to a restricted group,he forgot the password
oewn-06694296-n,noun,a short account of the news,the report of his speech
oewn-06719443-n,noun,an award earned by participation in a school sport,he won letters in three sports
oewn-06750911-n,noun,a brief statement,he didn't say a word about it
oewn-06841868-n,noun,the conventional characters of the alphabet used to represent speech,his grandmother taught him his letters
oewn-06887069-n,noun,a visual warning signal,they saw the light of the beacon
oewn-07066015-n,noun,the text of a popular song or musical-comedy number,his compositions always started with the lyrics
oewn-07123904-n,noun,(language) communication by word of mouth,his speech was garbled
oewn-07138578-n,noun,a cry or noise made to express displeasure or contempt,
oewn-07155367-n,noun,an exchange of views on some topic,we had a good discussion
oewn-07183893-n,noun,a verbal command for action,"when I give the word, charge!"
oewn-07188040-n,noun,a strictly literal interpretation (as distinct from the intention),he followed instructions to the letter
oewn-07232584-n,noun,the act of informing by verbal report,he heard reports that they were causing trouble
oewn-07233130-n,noun,a written document describing the findings of some individual or group,this accords with the recent study by Hill and Dale
oewn-07234960-n,noun,a written evaluation of a student's scholarship and deportment,his father signed his report card
oewn-07241961-n,noun,a promise,he gave his word
oewn-07309535-n,noun,a series of consequences wrought by an event,it led to a train of disasters
oewn-07406116-n,noun,a sharp explosive sound (especially the sound of a gun firing),they heard a violent report followed by silence
oewn-07422377-n,noun,the pouring forth of a fluid,
oewn-07457610-n,noun,a row of unravelled stitches,she got a run in her stocking
oewn-07475061-n,noun,a race run on foot,she broke the record for the half-mile run
oewn-07485811-n,noun,a formal contest in which two or more persons or teams compete,
oewn-07488069-n,noun,a race between candidates for elective office,I managed his campaign for governor
oewn-07580824-n,noun,food or meals in general,she sets a fine table
oewn-07659991-n,noun,the flesh of a bird or fowl (wild or domestic) used as food,
oewn-07692347-n,noun,a smooth-textured sausage of minced beef or pork usually smoked; often served on a bread roll,
oewn-07909228-n,noun,pinkish table wine from red grapes whose skins were removed after fermentation began,
oewn-08005299-n,noun,a pair of people who live together,a married couple from Chicago
oewn-08011895-n,noun,a large group of fish,a school of small glittering fish swam by
oewn-08089673-n,noun,the securities markets in the aggregate,the market always frustrates the small investor
oewn-08243256-n,noun,people living in a large densely populated municipality,the city voted for Republicans in 1994
oewn-08281504-n,noun,a group that controls the activities of a political party,he was endorsed by the Democratic machine
oewn-08281680-n,noun,an intricate organization that accomplishes its goals efficiently,the war machine
oewn-08283156-n,noun,a set of data arranged in rows and columns,see table 1
oewn-08292106-n,noun,a body of creative artists or writers or thinkers linked by a similar style or by similar teachers,the Venetian school of painting
oewn-08293641-n,noun,an educational institution,the school was founded in 1900
oewn-08294314-n,noun,an educational institution's faculty and students,the school keeps parents informed
oewn-08354251-n,noun,an administrative unit of government,the Central Intelligence Agency
oewn-08369230-n,noun,professional or clerical workers in an office,the whole office was late the morning of the blizzard
oewn-08437235-n,noun,a financial institution that accepts deposits and channels the money into lending activities,he cashed a check at the bank
oewn-08441908-n,noun,the customers for a particular product or service,before they publish any book they try to determine the size of the market for it
oewn-08444586-n,noun,a procession (of wagons or mules or camels) traveling together in single file,we were part of a caravan of almost a thousand camels
oewn-08476659-n,noun,a sequentially ordered set of things or events or ideas in which each successive member is related to the preceding,a string of islands
oewn-08477596-n,noun,an unbroken series of events,had a streak of bad luck
oewn-08479077-n,noun,an arrangement of similar objects in a row or in tiers,he operated a bank of switches
oewn-08497146-n,noun,a company of people assembled at a table for a meal or game,he entertained the whole table with his witty remarks
oewn-08525382-n,noun,a point at which water issues forth,
oewn-08542298-n,noun,a large and densely populated urban area; may include several independent administrative districts,Ancient Troy was a great city
oewn-08558466-n,noun,an incorporated administrative district established by state charter,the city raised the tax rate
oewn-08663763-n,noun,an illuminated area,he stepped into the light
oewn-09207565-n,noun,a divine presence believed by Quakers to enlighten and guide the soul,
oewn-09236341-n,noun,a long ridge or pile,a huge bank of earth
oewn-09236472-n,noun,sloping land (especially the slope beside a body of water),they pulled the canoe up on the bank
oewn-09236735-n,noun,a slope in the turn of a road or track; the outside is higher than the inside in order to reduce the effects of centrifugal force,
oewn-09374802-n,noun,flat tableland with steep edges,the tribe was relatively safe on the mesa but they had to descend into the valley for water
oewn-09434308-n,noun,a large natural stream of water (larger than a creek),the river was navigable for 50 miles
oewn-09438816-n,noun,a small stream,
oewn-09466357-n,noun,a natural flow of ground water,
oewn-09560255-n,noun,the divine word of God; the second person in the Trinity (incarnate in Jesus),
oewn-09638837-n,noun,a person who uses scientific knowledge to solve practical problems,
oewn-09649426-n,noun,a person who is of equal standing with another in a group,
oewn-09655706-n,noun,a person who works at a specific occupation,he is a good worker
oewn-09786620-n,noun,a person who acts and gets things done,he's a principal actor in this affair
oewn-09905672-n,noun,someone who is morally reprehensible,you dirty dog
oewn-09906486-n,noun,an expert at calculation (or at operating calculating machines),
oewn-09919605-n,noun,a spiteful woman gossip,what a cat she is!
oewn-09920434-n,noun,a person regarded as a good matrimonial prospect,
oewn-10008583-n,noun,informal terms for a (young) woman,
oewn-10040615-n,noun,a licensed medical practitioner,I felt so bad I went to see my doctor
oewn-10041617-n,noun,a person who holds Ph.D. degree (or the equivalent) from an academic institution,she is a doctor of philosophy in physics
oewn-10041836-n,noun,(Roman Catholic Church) a title conferred on 33 saints who distinguished themselves through the orthodoxy of their theological teaching,the Doctors of the Church greatly influenced Christian thought down to the late Middle Ages
oewn-10042764-n,noun,informal term for a man,you lucky dog
oewn-10077522-n,noun,the operator of a railway locomotive,
oewn-10133978-n,noun,a dull unattractive unpleasant girl or woman,she got a reputation as a frump
oewn-10172934-n,noun,an informal term for a youth or man,a nice guy
oewn-10242619-n,noun,any long-suffering person who withstands affliction without despairing,
oewn-10274904-n,noun,owner who lets another person use something (housing usually) for hire,
oewn-10296356-n,noun,a person regarded very fondly,the light of my life
oewn-10298363-n,noun,an efficient person,the boxer was a magnificent fighting machine
oewn-10310901-n,noun,a woman who wears clothes to display fashions,she was too fat to be a mannequin
oewn-10344226-n,noun,a person who poses for a photographer or painter or sculptor,the president didn't have time to be a model so the artist worked from photos
oewn-10344517-n,noun,someone worthy of imitation,every child needs a role model
oewn-10458237-n,noun,an actor situated in the audience whose acting is rehearsed but seems spontaneous to the audience,
oewn-10488547-n,noun,the officer who presides at the meetings of an organization,address your remarks to the chairperson
oewn-10501296-n,noun,a member of the working class (not necessarily employed),workers of the world — unite!
oewn-10713754-n,noun,a person whose occupation is teaching,
oewn-11105392-n,noun,a Jewish hero in the Old Testament who maintained his faith in God in spite of afflictions that tested him,
oewn-11473837-n,noun,(physics) a manifestation of energy; the transfer of energy from one physical system to another expressed as the product of a force and the distance through which it moves a body in the direction of that force,work equals force times distance
oewn-11494354-n,noun,(physics) electromagnetic radiation that can produce a visual sensation,the light was filtered through a soft glass window
oewn-12288763-n,noun,a deciduous tree of the genus Quercus; has acorns and lobed leaves,great oaks grow from little acorns
oewn-12289435-n,noun,the hard durable wood of any oak; used especially for furniture and flooring,
oewn-12640957-n,noun,any of many shrubs of the genus Rosa that bear roses,
oewn-13300285-n,noun,something that remunerates,wages were paid by cash
oewn-13377435-n,noun,the funds held by a gambling house or the dealer in some gambling games,he tried to break the bank at Monte Carlo
oewn-13389491-n,noun,a supply or stock held in reserve for future use (especially in emergencies),
oewn-13424816-n,noun,a document that can serve as legal evidence of a transaction,they could find no record of the purchase
oewn-13617916-n,noun,the score needed to win a match,
oewn-13618229-n,noun,the number of wins versus losses and ties a team has had,at 9-0 they have the best record in their league
oewn-13648798-n,noun,a string of bits stored in computer memory,large computers use words up to 64 bits long
oewn-13782269-n,noun,the production achieved during a continuous period of operation (of a machine or factory etc.),"a daily run of 100,000 gallons of paint"
oewn-13968154-n,noun,(of a government or government official) holding an office means being in power,being in office already gives a candidate a great advantage
oewn-14006789-n,noun,having abundant light or illumination,they played as long as it was light
oewn-14019420-n,noun,unrestricted freedom to use,he has the run of the house
oewn-14434009-n,noun,a state of difficulty that needs to be resolved,she and her husband are having problems
oewn-14587365-n,noun,a condition of spiritual awareness; divine illumination,follow God's light
oewn-15228025-n,noun,the period of instruction in a school; the time period when school is in session,stay after school
oewn-15249488-n,noun,the period of time a prisoner is imprisoned,he served a prison term of 15 months
oewn-15261841-n,noun,the season of growth; spring; the beginning of spring,the emerging buds were a sure sign of spring
oewn-15286931-n,noun,the continuous period of time during which something (a machine or a factory) operates or continues in operation,the assembly line was on a 12-hour run
