lemma,part_of_speech,sense_id,synset_id,sense_order
bank,noun,oewn-bank__1.17.01..,oewn-09236472-n,1
bank,noun,oewn-bank__1.14.00..,oewn-08437235-n,2
bank,noun,oewn-bank__1.17.00..,oewn-09236341-n,3
bank,noun,oewn-bank__1.14.01..,oewn-08479077-n,4
bank,noun,oewn-bank__1.21.00..,oewn-13389491-n,5
bank,noun,oewn-bank__1.21.01..,oewn-13377435-n,6
bank,noun,oewn-bank__1.17.02..,oewn-09236735-n,7
bank,noun,oewn-bank__1.06.01..,oewn-04146942-n,8
bank,noun,oewn-bank__1.06.00..,oewn-02790795-n,9
bank,noun,oewn-bank__1.04.00..,oewn-00170126-n,10
bank,verb,oewn-bank__2.38.00..,oewn-02043258-v,1
bank,verb,oewn-bank__2.35.00..,oewn-01590626-v,2
bank,verb,oewn-bank__2.40.02..,oewn-02348370-v,3
bank,verb,oewn-bank__2.40.03..,oewn-02348248-v,4
bank,verb,oewn-bank__2.40.01..,oewn-02348052-v,5
bank,verb,oewn-bank__2.40.00..,oewn-02315835-v,6
bank,verb,oewn-bank__2.35.01..,oewn-01237357-v,7
bank,verb,oewn-bank__2.31.02..,oewn-00714537-v,8
bird,noun,oewn-bird__1.05.00..,oewn-01505702-n,1
bird,noun,oewn-bird__1.13.00..,oewn-07659991-n,2
bird,noun,oewn-bird__1.18.00..,oewn-10008583-n,3
bird,noun,oewn-bird__1.10.00..,oewn-07138578-n,4
bird,noun,oewn-bird__1.06.01..,oewn-04219349-n,5
bird,verb,oewn-bird__2.33.00..,oewn-01142291-v,1
cat,noun,oewn-cat__1.04.00..,oewn-00903174-n,1
cat,noun,oewn-cat__1.05.00..,oewn-02124272-n,1
cat,noun,oewn-cat__1.18.01..,oewn-10172934-n,2
cat,noun,oewn-cat__1.18.00..,oewn-09919605-n,3
cat,noun,oewn-cat__1.06.02..,oewn-03614083-n,4
cat,noun,oewn-cat__1.06.00..,oewn-02989061-n,5
cat,noun,oewn-cat__1.06.01..,oewn-02986962-n,6
cat,noun,oewn-cat__1.05.02..,oewn-02130460-n,7
cat,verb,oewn-cat__2.35.00..,oewn-01414524-v,1
cat,verb,oewn-cat__2.29.00..,oewn-00076153-v,2
chair,noun,oewn-chair__1.06.00..,oewn-03005231-n,1
chair,noun,oewn-chair__1.04.00..,oewn-00599171-n,2
chair,noun,oewn-chair__1.18.00..,oewn-10488547-n,3
chair,noun,oewn-chair__1.06.01..,oewn-03275941-n,4
chair,noun,oewn-chair__1.06.02..,oewn-03005700-n,5
chair,verb,oewn-chair__2.41.00..,oewn-02444885-v,1
chair,verb,oewn-chair__2.32.00..,oewn-00815452-v,2
city,noun,oewn-city__1.15.00..,oewn-08542298-n,1
city,noun,oewn-city__1.15.01..,oewn-08558466-n,2
city,noun,oewn-city__1.14.00..,oewn-08243256-n,3
computer,noun,oewn-computer__1.06.00..,oewn-03086983-n,1
computer,noun,oewn-computer__1.18.00..,oewn-09906486-n,2
doctor,noun,oewn-doctor__1.18.02..,oewn-10041836-n,1
doctor,noun,oewn-doctor__1.18.00..,oewn-10040615-n,1
doctor,noun,oewn-doctor__1.04.00..,oewn-00433296-n,2
doctor,noun,oewn-doctor__1.18.01..,oewn-10041617-n,3
doctor,verb,oewn-doctor__2.30.00..,oewn-00489366-v,1
doctor,verb,oewn-doctor__2.29.00..,oewn-00080057-v,2
doctor,verb,oewn-doctor__2.30.01..,oewn-00261534-v,3
dog,noun,oewn-dog__1.05.00..,oewn-02086723-n,1
dog,noun,oewn-dog__1.18.01..,oewn-10133978-n,2
dog,noun,oewn-dog__1.18.00..,oewn-10042764-n,3
dog,noun,oewn-dog__1.18.02..,oewn-09905672-n,4
dog,noun,oewn-dog__1.13.01..,oewn-07692347-n,5
dog,noun,oewn-dog__1.06.00..,oewn-03907626-n,6
dog,noun,oewn-dog__1.06.01..,oewn-02712903-n,7
dog,verb,oewn-dog__2.38.00..,oewn-02005890-v,1
engineer,noun,oewn-engineer__1.18.00..,oewn-09638837-n,1
engineer,noun,oewn-engineer__1.18.01..,oewn-10077522-n,2
engineer,verb,oewn-engineer__2.31.01..,oewn-00713379-v,1
engineer,verb,oewn-engineer__2.31.00..,oewn-00711834-v,2
hammer,noun,oewn-hammer__1.06.04..,oewn-03486907-n,1
hammer,noun,oewn-hammer__1.06.00..,oewn-03486255-n,2
hammer,noun,oewn-hammer__1.08.00..,oewn-05333491-n,3
hammer,noun,oewn-hammer__1.06.03..,oewn-03721208-n,4
hammer,noun,oewn-hammer__1.06.05..,oewn-03487084-n,5
hammer,noun,oewn-hammer__1.06.02..,oewn-03486757-n,6
hammer,noun,oewn-hammer__1.06.01..,oewn-03486604-n,7
hammer,noun,oewn-hammer__1.04.00..,oewn-01177806-n,8
hammer,verb,oewn-hammer__2.35.00..,oewn-01419193-v,1
hammer,verb,oewn-hammer__2.36.00..,oewn-01679140-v,2
job,noun,oewn-job__1.18.00..,oewn-11105392-n,1
job,noun,oewn-job__1.04.00..,oewn-00583425-n,1
job,noun,oewn-job__1.18.01..,oewn-10242619-n,2
job,noun,oewn-job__1.04.01..,oewn-00720957-n,2
job,noun,oewn-job__1.10.00..,oewn-06448609-n,3
job,noun,oewn-job__1.06.00..,oewn-03604821-n,3
job,noun,oewn-job__1.06.01..,oewn-03604953-n,4
job,noun,oewn-job__1.04.04..,oewn-00585806-n,5
job,noun,oewn-job__1.04.05..,oewn-00577914-n,6
job,noun,oewn-job__1.04.03..,oewn-00577754-n,7
job,noun,oewn-job__1.26.00..,oewn-14434009-n,8
job,noun,oewn-job__1.10.01..,oewn-06584658-n,9
job,noun,oewn-job__1.04.02..,oewn-00784446-n,10
job,verb,oewn-job__2.41.02..,oewn-02578970-v,1
job,verb,oewn-job__2.41.03..,oewn-02466486-v,2
job,verb,oewn-job__2.41.00..,oewn-02425889-v,3
job,verb,oewn-job__2.40.00..,oewn-02276935-v,4
language,noun,oewn-language__1.10.00..,oewn-06293304-n,1
language,noun,oewn-language__1.10.01..,oewn-07123904-n,2
language,noun,oewn-language__1.10.02..,oewn-07066015-n,3
language,noun,oewn-language__1.09.01..,oewn-05816565-n,4
language,noun,oewn-language__1.09.00..,oewn-05658665-n,5
language,noun,oewn-language__1.10.03..,oewn-06315049-n,6
letter,noun,oewn-letter__1.10.00..,oewn-06636668-n,1
letter,noun,oewn-letter__1.10.01..,oewn-06841868-n,2
letter,noun,oewn-letter__1.18.00..,oewn-10274904-n,3
letter,noun,oewn-letter__1.10.03..,oewn-07188040-n,4
letter,noun,oewn-letter__1.10.02..,oewn-06719443-n,5
letter,verb,oewn-letter__2.40.00..,oewn-02295310-v,1
letter,verb,oewn-letter__2.36.01..,oewn-01696474-v,2
letter,verb,oewn-letter__2.36.00..,oewn-01696338-v,3
light,adjective,oewn-light__3.00.01..,oewn-01189951-a,1
light,adjective,oewn-light__3.00.05..,oewn-00409737-a,2
light,adjective,oewn-light__3.00.04..,oewn-01196589-a,3
light,adjective,oewn-light__3.00.03..,oewn-01194536-a,4
light,adjective,oewn-light__3.00.02..,oewn-01193859-a,5
light,adjective,oewn-light__3.00.06..,oewn-00270855-a,6
light,adjective,oewn-light__5.00.00.unstressed.00,oewn-02328120-s,7
light,adjective,oewn-light__5.00.00.digestible.00,oewn-01185958-s,8
light,adjective,oewn-light__5.00.00.loose.02,oewn-00505439-s,9
light,adjective,oewn-light__5.00.00.pure.02,oewn-01912661-s,10
light,adjective,oewn-light__5.00.00.light-footed.00,oewn-01195936-s,11
light,adjective,oewn-light__5.00.00.undemanding.01,oewn-00715651-s,12
light,adjective,oewn-light__3.00.08..,oewn-01195419-a,13
light,adjective,oewn-light__3.00.07..,oewn-01194991-a,14
light,adjective,oewn-light__5.00.00.ill.01,oewn-02555295-s,15
light,adjective,oewn-light__5.00.00.thin.01,oewn-02422984-s,16
light,adjective,oewn-light__5.00.00.temperate.00,oewn-02410587-s,17
light,adjective,oewn-light__5.00.00.insufficient.00,oewn-02345399-s,18
light,adjective,oewn-light__5.00.00.insignificant.00,oewn-02172875-s,19
light,adjective,oewn-light__5.00.02.frivolous.00,oewn-02128852-s,20
light,adjective,oewn-light__5.00.00.frivolous.00,oewn-02128704-s,21
light,adjective,oewn-light__5.00.00.light-duty.00,oewn-01191729-s,22
light,adjective,oewn-light__5.00.00.nonfat.00,oewn-00996467-s,23
light,adjective,oewn-light__5.00.00.shallow.02,oewn-00697019-s,24
light,adjective,oewn-light__5.00.00.unchaste.00,oewn-00362917-s,25
light,adverb,oewn-light__4.02.00..,oewn-00392845-r,1
light,noun,oewn-light__1.16.00..,oewn-09207565-n,1
light,noun,oewn-light__1.19.00..,oewn-11494354-n,1
light,noun,oewn-light__1.06.00..,oewn-03670692-n,2
light,noun,oewn-light__1.09.01..,oewn-06220526-n,3
light,noun,oewn-light__1.07.01..,oewn-05025269-n,4
light,noun,oewn-light__1.15.00..,oewn-08663763-n,5
light,noun,oewn-light__1.26.01..,oewn-14587365-n,6
light,noun,oewn-light__1.07.00..,oewn-04958550-n,7
light,noun,oewn-light__1.18.00..,oewn-10296356-n,8
light,noun,oewn-light__1.26.00..,oewn-14006789-n,9
light,noun,oewn-light__1.09.00..,oewn-05815941-n,10
light,noun,oewn-light__1.07.02..,oewn-04960557-n,11
light,noun,oewn-light__1.09.02..,oewn-05620489-n,12
light,noun,oewn-light__1.10.00..,oewn-06887069-n,13
light,noun,oewn-light__1.06.01..,oewn-03671917-n,14
light,verb,oewn-light__2.30.00..,oewn-00292635-v,1
light,verb,oewn-light__2.34.00..,oewn-01202519-v,2
light,verb,oewn-light__2.38.00..,oewn-01982714-v,3
light,verb,oewn-light__2.43.00..,oewn-02765572-v,4
light,verb,oewn-light__2.40.12..,oewn-02234610-v,5
light,verb,oewn-light__2.38.01..,oewn-01962311-v,6
light,verb,oewn-light__2.30.01..,oewn-00589392-v,7
machine,noun,oewn-machine__1.06.00..,oewn-03705309-n,1
machine,noun,oewn-machine__1.18.00..,oewn-10298363-n,2
machine,noun,oewn-machine__1.14.01..,oewn-08281680-n,3
machine,noun,oewn-machine__1.06.02..,oewn-03706297-n,4
machine,noun,oewn-machine__1.14.00..,oewn-08281504-n,5
machine,noun,oewn-machine__1.06.01..,oewn-02961779-n,6
machine,verb,oewn-machine__2.36.01..,oewn-01627206-v,1
machine,verb,oewn-machine__2.36.00..,oewn-01627004-v,2
market,noun,oewn-market__1.04.00..,oewn-01099197-n,1
market,noun,oewn-market__1.14.00..,oewn-08441908-n,2
market,noun,oewn-market__1.06.00..,oewn-03466317-n,3
market,noun,oewn-market__1.14.01..,oewn-08089673-n,4
market,noun,oewn-market__1.06.01..,oewn-03727779-n,5
market,verb,oewn-market__2.40.00..,oewn-02303121-v,1
market,verb,oewn-market__2.40.05..,oewn-02331194-v,2
market,verb,oewn-market__2.40.01..,oewn-02303432-v,3
market,verb,oewn-market__2.30.00..,oewn-00471317-v,4
match,noun,oewn-match__1.06.00..,oewn-03733928-n,1
match,noun,oewn-match__1.11.00..,oewn-07485811-n,2
match,noun,oewn-match__1.06.02..,oewn-03734473-n,3
match,noun,oewn-match__1.06.01..,oewn-03734302-n,4
match,noun,oewn-match__1.23.00..,oewn-13617916-n,5
match,noun,oewn-match__1.18.01..,oewn-09920434-n,6
match,noun,oewn-match__1.18.00..,oewn-09649426-n,7
match,noun,oewn-match__1.14.00..,oewn-08005299-n,8
match,noun,oewn-match__1.09.00..,oewn-05703985-n,9
match,verb,oewn-match__2.42.00..,oewn-02663315-v,1
match,verb,oewn-match__2.40.00..,oewn-02337623-v,2
match,verb,oewn-match__2.35.08..,oewn-01295488-v,3
match,verb,oewn-match__2.42.01..,oewn-02677976-v,4
match,verb,oewn-match__2.30.01..,oewn-00457695-v,5
match,verb,oewn-match__2.35.10..,oewn-01295992-v,6
match,verb,oewn-match__2.33.00..,oewn-01083545-v,7
match,verb,oewn-match__2.30.00..,oewn-00457551-v,8
match,verb,oewn-match__2.30.07..,oewn-00417926-v,9
meaning,adjective,oewn-meaning__5.00.00.meaningful.00,oewn-01500681-s,1
meaning,noun,oewn-meaning__1.10.00..,oewn-06613680-n,1
meaning,noun,oewn-meaning__1.09.00..,oewn-05928460-n,2
model,adjective,oewn-model__5.00.00.worthy.00,oewn-02596887-s,1
model,noun,oewn-model__1.09.00..,oewn-05898856-n,1
model,noun,oewn-model__1.09.03..,oewn-05854179-n,2
model,noun,oewn-model__1.18.00..,oewn-10344226-n,3
model,noun,oewn-model__1.06.00..,oewn-03782816-n,4
model,noun,oewn-model__1.09.01..,oewn-05933998-n,5
model,noun,oewn-model__1.18.01..,oewn-10344517-n,6
model,noun,oewn-model__1.09.02..,oewn-05945830-n,7
model,noun,oewn-model__1.18.02..,oewn-10310901-n,8
model,noun,oewn-model__1.04.00..,oewn-00900502-n,9
model,verb,oewn-model__2.36.02..,oewn-01747665-v,1
model,verb,oewn-model__2.36.00..,oewn-01700922-v,2
model,verb,oewn-model__2.39.01..,oewn-02147248-v,3
model,verb,oewn-model__2.39.00..,oewn-02147099-v,4
model,verb,oewn-model__2.36.04..,oewn-01726857-v,5
model,verb,oewn-model__2.36.01..,oewn-01701301-v,6
oak,noun,oewn-oak__1.20.02..,oewn-12289435-n,1
oak,noun,oewn-oak__1.20.00..,oewn-12288763-n,2
office,noun,oewn-office__1.06.00..,oewn-03847186-n,1
office,noun,oewn-office__1.14.01..,oewn-08354251-n,2
office,noun,oewn-office__1.04.01..,oewn-00721817-n,3
office,noun,oewn-office__1.26.00..,oewn-13968154-n,4
office,noun,oewn-office__1.14.00..,oewn-08369230-n,5
office,noun,oewn-office__1.04.00..,oewn-01035490-n,6
office,noun,oewn-office__1.04.02..,oewn-00587299-n,7
plant,noun,oewn-plant__1.06.01..,oewn-03963198-n,1
plant,noun,oewn-plant__1.03.00..,oewn-00017402-n,2
plant,noun,oewn-plant__1.18.00..,oewn-10458237-n,3
plant,noun,oewn-plant__1.09.00..,oewn-05914674-n,4
plant,verb,oewn-plant__2.35.00..,oewn-01570056-v,1
plant,verb,oewn-plant__2.35.01..,oewn-01531609-v,2
plant,verb,oewn-plant__2.36.00..,oewn-01650771-v,3
plant,verb,oewn-plant__2.40.00..,oewn-02327806-v,4
plant,verb,oewn-plant__2.35.06..,oewn-01373866-v,5
plant,verb,oewn-plant__2.31.00..,oewn-00736813-v,6
record,noun,oewn-record__1.10.03..,oewn-06659969-n,1
record,noun,oewn-record__1.06.00..,oewn-03930191-n,2
record,noun,oewn-record__1.23.00..,oewn-13618229-n,3
record,noun,oewn-record__1.04.01..,oewn-00048486-n,4
record,noun,oewn-record__1.10.02..,oewn-06649049-n,5
record,noun,oewn-record__1.04.00..,oewn-00063834-n,6
record,noun,oewn-record__1.21.00..,oewn-13424816-n,7
record,noun,oewn-record__1.10.00..,oewn-06502164-n,8
record,verb,oewn-record__2.32.00..,oewn-01002259-v,1
record,verb,oewn-record__2.32.01..,oewn-01000444-v,2
record,verb,oewn-record__2.32.03..,oewn-00924838-v,3
record,verb,oewn-record__2.39.00..,oewn-02110264-v,4
report,noun,oewn-report__1.10.03..,oewn-07233130-n,1
report,noun,oewn-report__1.10.01..,oewn-07232584-n,2
report,noun,oewn-report__1.10.00..,oewn-06694296-n,3
report,noun,oewn-report__1.11.00..,oewn-07406116-n,4
report,noun,oewn-report__1.10.04..,oewn-07234960-n,5
report,noun,oewn-report__1.10.02..,oewn-06421395-n,6
report,noun,oewn-report__1.09.00..,oewn-06216934-n,7
report,verb,oewn-report__2.32.00..,oewn-00967067-v,1
report,verb,oewn-report__2.32.04..,oewn-00968841-v,2
report,verb,oewn-report__2.32.03..,oewn-00967719-v,3
report,verb,oewn-report__2.32.01..,oewn-00967422-v,4
report,verb,oewn-report__2.32.13..,oewn-00969130-v,5
report,verb,oewn-report__2.32.02..,oewn-00967574-v,6
river,noun,oewn-river__1.17.00..,oewn-09434308-n,1
rose,adjective,oewn-rose__5.00.00.chromatic.00,oewn-00383235-s,1
rose,noun,oewn-rose__1.20.00..,oewn-12640957-n,1
rose,noun,oewn-rose__1.13.00..,oewn-07909228-n,2
rose,noun,oewn-rose__1.07.00..,oewn-04978580-n,3
run,noun,oewn-run__1.04.01..,oewn-00190414-n,1
run,noun,oewn-run__1.04.06..,oewn-00792739-n,2
run,noun,oewn-run__1.11.02..,oewn-07475061-n,3
run,noun,oewn-run__1.14.00..,oewn-08477596-n,4
run,noun,oewn-run__1.04.02..,oewn-00559920-n,5
run,noun,oewn-run__1.04.04..,oewn-00309697-n,6
run,noun,oewn-run__1.04.00..,oewn-00294760-n,7
run,noun,oewn-run__1.28.00..,oewn-15286931-n,8
run,noun,oewn-run__1.26.00..,oewn-14019420-n,9
run,noun,oewn-run__1.23.00..,oewn-13782269-n,10
run,noun,oewn-run__1.17.00..,oewn-09438816-n,11
run,noun,oewn-run__1.11.03..,oewn-07488069-n,12
run,noun,oewn-run__1.11.01..,oewn-07457610-n,13
run,noun,oewn-run__1.11.00..,oewn-07422377-n,14
run,noun,oewn-run__1.07.00..,oewn-05052992-n,15
run,noun,oewn-run__1.04.05..,oewn-00309837-n,16
run,verb,oewn-run__2.38.00..,oewn-01930264-v,1
run,verb,oewn-run__2.38.04..,oewn-02079296-v,2
run,verb,oewn-run__2.42.00..,oewn-02691775-v,3
run,verb,oewn-run__2.41.02..,oewn-02448714-v,4
run,verb,oewn-run__2.42.04..,oewn-02727159-v,5
run,verb,oewn-run__2.38.01..,oewn-02070867-v,6
run,verb,oewn-run__2.35.00..,oewn-01528454-v,7
run,verb,oewn-run__2.42.07..,oewn-02732914-v,8
run,verb,oewn-run__2.33.06..,oewn-01096497-v,9
run,verb,oewn-run__2.36.01..,oewn-01721028-v,10
run,verb,oewn-run__2.38.11..,oewn-02104107-v,11
run,verb,oewn-run__2.42.01..,oewn-02725274-v,12
run,verb,oewn-run__2.35.04..,oewn-01529078-v,13
run,verb,oewn-run__2.30.03..,oewn-00550143-v,14
run,verb,oewn-run__2.30.07..,oewn-00518609-v,15
run,verb,oewn-run__2.42.02..,oewn-02726779-v,16
run,verb,oewn-run__2.42.03..,oewn-02653599-v,17
run,verb,oewn-run__2.42.06..,oewn-02618269-v,18
run,verb,oewn-run__2.41.00..,oewn-02569242-v,19
run,verb,oewn-run__2.36.02..,oewn-01750167-v,20
run,verb,oewn-run__2.36.00..,oewn-01645087-v,21
run,verb,oewn-run__2.35.01..,oewn-01214794-v,22
run,verb,oewn-run__2.42.08..,oewn-02692467-v,23
run,verb,oewn-run__2.41.01..,oewn-02530978-v,24
run,verb,oewn-run__2.40.06..,oewn-02247038-v,25
run,verb,oewn-run__2.38.10..,oewn-02096576-v,26
run,verb,oewn-run__2.38.08..,oewn-02064720-v,27
run,verb,oewn-run__2.38.03..,oewn-01931856-v,28
run,verb,oewn-run__2.38.05..,oewn-01918940-v,29
run,verb,oewn-run__2.42.05..,oewn-02654212-v,30
run,verb,oewn-run__2.41.04..,oewn-02427021-v,31
run,verb,oewn-run__2.38.02..,oewn-01931700-v,32
run,verb,oewn-run__2.38.06..,oewn-01931400-v,33
run,verb,oewn-run__2.38.13..,oewn-01930937-v,34
run,verb,oewn-run__2.38.09..,oewn-01868024-v,35
run,verb,oewn-run__2.33.02..,oewn-01146304-v,36
run,verb,oewn-run__2.33.01..,oewn-01088514-v,37
run,verb,oewn-run__2.30.02..,oewn-00540190-v,38
run,verb,oewn-run__2.30.00..,oewn-00445584-v,39
run,verb,oewn-run__2.30.01..,oewn-00335613-v,40
run,verb,oewn-run__2.30.04..,oewn-00333482-v,41
school,noun,oewn-school__1.14.00..,oewn-08293641-n,1
school,noun,oewn-school__1.06.00..,oewn-04153115-n,2
school,noun,oewn-school__1.09.00..,oewn-05765533-n,3
school,noun,oewn-school__1.14.02..,oewn-08292106-n,4
school,noun,oewn-school__1.28.00..,oewn-15228025-n,5
school,noun,oewn-school__1.14.03..,oewn-08294314-n,6
school,noun,oewn-school__1.14.01..,oewn-08011895-n,7
school,verb,oewn-school__2.41.01..,oewn-02393052-v,1
school,verb,oewn-school__2.41.02..,oewn-02393545-v,2
school,verb,oewn-school__2.38.00..,oewn-01965341-v,3
sentence,noun,oewn-sentence__1.10.00..,oewn-06295743-n,1
sentence,noun,oewn-sentence__1.04.00..,oewn-01191772-n,2
sentence,noun,oewn-sentence__1.28.00..,oewn-15249488-n,3
sentence,verb,oewn-sentence__2.32.00..,oewn-00908688-v,1
skill,noun,oewn-skill__1.09.01..,oewn-05645403-n,1
skill,noun,oewn-skill__1.09.00..,oewn-05644732-n,2
spring,noun,oewn-spring__1.28.00..,oewn-15261841-n,1
spring,noun,oewn-spring__1.06.00..,oewn-04295410-n,2
spring,noun,oewn-spring__1.17.00..,oewn-09466357-n,3
spring,noun,oewn-spring__1.15.00..,oewn-08525382-n,4
spring,noun,oewn-spring__1.07.00..,oewn-05028317-n,5
spring,noun,oewn-spring__1.04.00..,oewn-00121022-n,6
spring,verb,oewn-spring__2.38.01..,oewn-01967949-v,1
spring,verb,oewn-spring__2.42.00..,oewn-02629987-v,2
spring,verb,oewn-spring__2.38.00..,oewn-01896097-v,3
spring,verb,oewn-spring__2.29.00..,oewn-00095025-v,4
spring,verb,oewn-spring__2.32.00..,oewn-00937859-v,5
table,noun,oewn-table__1.14.00..,oewn-08283156-n,1
table,noun,oewn-table__1.06.01..,oewn-04386330-n,2
table,noun,oewn-table__1.06.02..,oewn-04387051-n,3
table,noun,oewn-table__1.17.00..,oewn-09374802-n,4
table,noun,oewn-table__1.14.01..,oewn-08497146-n,5
table,noun,oewn-table__1.13.01..,oewn-07580824-n,6
table,verb,oewn-table__2.42.00..,oewn-02648898-v,1
table,verb,oewn-table__2.36.00..,oewn-01749344-v,2
teacher,noun,oewn-teacher__1.18.00..,oewn-10713754-n,1
teacher,noun,oewn-teacher__1.09.00..,oewn-05863377-n,2
train,noun,oewn-train__1.06.00..,oewn-04475240-n,1
train,noun,oewn-train__1.14.02..,oewn-08476659-n,2
train,noun,oewn-train__1.14.00..,oewn-08444586-n,3
train,noun,oewn-train__1.11.00..,oewn-07309535-n,4
train,noun,oewn-train__1.06.02..,oewn-04475711-n,5
train,noun,oewn-train__1.06.01..,oewn-03436655-n,6
train,verb,oewn-train__2.31.01..,oewn-00604693-v,1
train,verb,oewn-train__2.31.00..,oewn-00604200-v,2
train,verb,oewn-train__2.41.02..,oewn-02559394-v,3
train,verb,oewn-train__2.41.00..,oewn-02392176-v,4
train,verb,oewn-train__2.41.01..,oewn-02393545-v,5
train,verb,oewn-train__2.33.00..,oewn-01153576-v,6
train,verb,oewn-train__2.32.00..,oewn-00835381-v,7
train,verb,oewn-train__2.29.00..,oewn-00099798-v,8
train,verb,oewn-train__2.41.03..,oewn-02515254-v,9
train,verb,oewn-train__2.38.00..,oewn-01940396-v,10
train,verb,oewn-train__2.35.04..,oewn-01456580-v,11
wage,noun,oewn-wage__1.21.00..,oewn-13300285-n,1
wage,verb,oewn-wage__2.41.00..,oewn-02381180-v,1
word,noun,oewn-word__1.18.00..,oewn-09560255-n,1
word,noun,oewn-word__1.10.00..,oewn-06297048-n,1
word,noun,oewn-word__1.10.07..,oewn-06443410-n,2
word,noun,oewn-word__1.10.03..,oewn-06750911-n,2
word,noun,oewn-word__1.10.02..,oewn-06654787-n,3
word,noun,oewn-word__1.10.06..,oewn-07183893-n,4
word,noun,oewn-word__1.10.04..,oewn-07155367-n,5
word,noun,oewn-word__1.10.01..,oewn-07241961-n,6
word,noun,oewn-word__1.23.00..,oewn-13648798-n,7
word,noun,oewn-word__1.10.05..,oewn-06686933-n,8
word,verb,oewn-word__2.32.00..,oewn-00982485-v,1
work,noun,oewn-work__1.04.00..,oewn-00576778-n,1
work,noun,oewn-work__1.06.00..,oewn-04606723-n,2
work,noun,oewn-work__1.04.01..,oewn-00585404-n,3
work,noun,oewn-work__1.09.00..,oewn-05763880-n,4
work,noun,oewn-work__1.19.00..,oewn-11473837-n,5
work,noun,oewn-work__1.06.01..,oewn-04609402-n,6
work,noun,oewn-work__1.06.02..,oewn-03846937-n,7
work,verb,oewn-work__2.41.02..,oewn-02418610-v,1
work,verb,oewn-work__2.41.00..,oewn-02415985-v,2
work,verb,oewn-work__2.41.03..,oewn-02531113-v,3
work,verb,oewn-work__2.35.02..,oewn-01528454-v,4
work,verb,oewn-work__2.36.00..,oewn-01672498-v,5
work,verb,oewn-work__2.29.00..,oewn-00100305-v,6
work,verb,oewn-work__2.38.00..,oewn-02054955-v,7
work,verb,oewn-work__2.41.04..,oewn-02600976-v,8
work,verb,oewn-work__2.41.05..,oewn-02378106-v,9
work,verb,oewn-work__2.38.02..,oewn-01856435-v,10
work,verb,oewn-work__2.36.01..,oewn-01632781-v,11
work,verb,oewn-work__2.41.01..,oewn-02413117-v,12
work,verb,oewn-work__2.36.09..,oewn-01745327-v,13
work,verb,oewn-work__2.42.10..,oewn-02757146-v,14
work,verb,oewn-work__2.41.10..,oewn-02542223-v,15
work,verb,oewn-work__2.41.11..,oewn-02449024-v,16
work,verb,oewn-work__2.41.12..,oewn-02441810-v,17
work,verb,oewn-work__2.39.10..,oewn-02121463-v,18
work,verb,oewn-work__2.37.10..,oewn-01821541-v,19
work,verb,oewn-work__2.36.12..,oewn-01663142-v,20
work,verb,oewn-work__2.35.14..,oewn-01544013-v,21
work,verb,oewn-work__2.35.00..,oewn-01237919-v,22
work,verb,oewn-work__2.34.10..,oewn-01165070-v,23
work,verb,oewn-work__2.31.13..,oewn-00636568-v,24
work,verb,oewn-work__2.30.14..,oewn-00459709-v,25
work,verb,oewn-work__2.30.13..,oewn-00459426-v,26
work,verb,oewn-work__2.30.10..,oewn-00149916-v,27
worker,noun,oewn-worker__1.18.00..,oewn-09655706-n,1
worker,noun,oewn-worker__1.18.01..,oewn-10501296-n,2
worker,noun,oewn-worker__1.05.01..,oewn-02210101-n,3
worker,noun,oewn-worker__1.18.02..,oewn-09786620-n,4
